Time,Country Name,"GDP per capita, PPP (constant 2017 international $)"
2011,Afghanistan,1904.559926
2011,Albania,11052.79046
2011,Algeria,11078.24233
2011,American Samoa,
2011,Andorra,
2011,Angola,7675.446085
2011,Antigua and Barbuda,17605.17014
2011,Argentina,24647.62927
2011,Armenia,9725.27823
2011,Aruba,35392.60519
2011,Australia,45463.682
2011,Austria,53102.95084
2011,Azerbaijan,13905.24576
2011,"Bahamas, The",36253.6681
2011,Bahrain,44157.47964
2011,Bangladesh,3034.951082
2011,Barbados,15444.74632
2011,Belarus,18251.78094
2011,Belgium,48153.93909
2011,Belize,7259.851886
2011,Benin,2707.8697
2011,Bermuda,85829.37826
2011,Bhutan,8744.957643
2011,Bolivia,6844.983783
2011,Bosnia and Herzegovina,11176.87682
2011,Botswana,14770.43904
2011,Brazil,15323.33173
2011,British Virgin Islands,
2011,Brunei Darussalam,69388.8132
2011,Bulgaria,17966.15806
2011,Burkina Faso,1775.779179
2011,Burundi,852.5026216
2011,Cabo Verde,6366.128511
2011,Cambodia,2862.908046
2011,Cameroon,3126.786237
2011,Canada,45822.59643
2011,Cayman Islands,66255.63177
2011,Central African Republic,1242.714801
2011,Chad,1676.769458
2011,Channel Islands,
2011,Chile,22337.86056
2011,China,9686.61529
2011,Colombia,12480.54655
2011,Comoros,2924.685517
2011,"Congo, Dem. Rep.",894.8265445
2011,"Congo, Rep.",5141.183227
2011,Costa Rica,17360.20159
2011,Cote d'Ivoire,3417.778385
2011,Croatia,24316.24798
2011,Cuba,
2011,Curacao,28313.04862
2011,Cyprus,37562.44914
2011,Czech Republic,34002.18978
2011,Denmark,51293.20618
2011,Djibouti,
2011,Dominica,11971.02013
2011,Dominican Republic,13024.32852
2011,Ecuador,10984.28377
2011,"Egypt, Arab Rep.",10302.44285
2011,El Salvador,7575.63974
2011,Equatorial Guinea,35377.73649
2011,Eritrea,
2011,Estonia,27990.13641
2011,Eswatini,7575.715587
2011,Ethiopia,1360.938522
2011,Faroe Islands,
2011,Fiji,10787.66056
2011,Finland,46825.82484
2011,France,42864.01897
2011,French Polynesia,
2011,Gabon,14883.49426
2011,"Gambia, The",2091.828766
2011,Georgia,10541.4719
2011,Germany,49757.92416
2011,Ghana,4151.481422
2011,Gibraltar,
2011,Greece,30372.76057
2011,Greenland,
2011,Grenada,13444.64814
2011,Guam,
2011,Guatemala,7503.674656
2011,Guinea,1932.505815
2011,Guinea-Bissau,1839.692742
2011,Guyana,10276.03552
2011,Haiti,2860.209386
2011,Honduras,4956.402852
2011,"Hong Kong SAR, China",53472.99327
2011,Hungary,24971.47736
2011,Iceland,48186.16729
2011,India,4399.88824
2011,Indonesia,8680.213342
2011,"Iran, Islamic Rep.",14005.31334
2011,Iraq,9107.597465
2011,Ireland,53298.81288
2011,Isle of Man,
2011,Israel,35743.53861
2011,Italy,42892.30556
2011,Jamaica,9546.493803
2011,Japan,38149.61811
2011,Jordan,11016.39524
2011,Kazakhstan,21970.08392
2011,Kenya,3439.343778
2011,Kiribati,1920.101638
2011,"Korea, Dem. People's Rep.",
2011,"Korea, Rep.",35388.97691
2011,Kosovo,8663.789701
2011,Kuwait,60887.68305
2011,Kyrgyz Republic,4334.660789
2011,Lao PDR,5158.835576
2011,Latvia,22795.19771
2011,Lebanon,18727.01294
2011,Lesotho,2444.928082
2011,Liberia,1488.277275
2011,Libya,8479.947964
2011,Liechtenstein,
2011,Lithuania,25968.58342
2011,Luxembourg,108010.7086
2011,"Macao SAR, China",140321.6828
2011,Madagascar,1534.939706
2011,Malawi,1376.167704
2011,Malaysia,21289.25754
2011,Maldives,17015.81547
2011,Mali,2085.420849
2011,Malta,32881.83384
2011,Marshall Islands,3562.857162
2011,Mauritania,4822.16904
2011,Mauritius,17454.78008
2011,Mexico,18186.22457
2011,"Micronesia, Fed. Sts.",3756.908631
2011,Moldova,9052.866543
2011,Monaco,
2011,Mongolia,8613.313624
2011,Montenegro,17287.41764
2011,Morocco,6522.373743
2011,Mozambique,1073.478134
2011,Myanmar,3279.665488
2011,Namibia,9324.528875
2011,Nauru,7313.672138
2011,Nepal,2793.024734
2011,Netherlands,52594.22901
2011,New Caledonia,
2011,New Zealand,38214.47454
2011,Nicaragua,4837.537091
2011,Niger,1020.996816
2011,Nigeria,5056.892147
2011,North Macedonia,13714.57522
2011,Northern Mariana Islands,
2011,Norway,61157.14893
2011,Oman,32523.35125
2011,Pakistan,3928.519927
2011,Palau,16255.7398
2011,Panama,23349.15681
2011,Papua New Guinea,3369.844455
2011,Paraguay,10714.69093
2011,Peru,10616.8437
2011,Philippines,6043.601676
2011,Poland,25124.27636
2011,Portugal,31304.81553
2011,Puerto Rico,33224.56552
2011,Qatar,99147.28818
2011,Romania,20792.1734
2011,Russian Federation,24972.07849
2011,Rwanda,1586.961242
2011,Samoa,6206.154634
2011,San Marino,65142.76453
2011,Sao Tome and Principe,3426.324614
2011,Saudi Arabia,46989.14767
2011,Senegal,2757.079405
2011,Serbia,14923.8016
2011,Seychelles,23140.9268
2011,Sierra Leone,1469.033451
2011,Singapore,81538.36518
2011,Sint Maarten (Dutch part),46392.86875
2011,Slovak Republic,26107.82871
2011,Slovenia,33568.06735
2011,Solomon Islands,2551.263758
2011,Somalia,
2011,South Africa,12666.70802
2011,South Sudan,
2011,Spain,36884.25924
2011,Sri Lanka,9827.622086
2011,St. Kitts and Nevis,23933.40682
2011,St. Lucia,14760.49066
2011,St. Martin (French part),
2011,St. Vincent and the Grenadines,11393.67943
2011,Sudan,3379.688818
2011,Suriname,19716.93177
2011,Sweden,48947.43931
2011,Switzerland,66342.01082
2011,Syrian Arab Republic,
2011,Tajikistan,2510.157332
2011,Tanzania,2098.276605
2011,Thailand,14450.47883
2011,Timor-Leste,3045.45796
2011,Togo,1683.856263
2011,Tonga,5541.77196
2011,Trinidad and Tobago,28621.10651
2011,Tunisia,9820.963509
2011,Turkey,21932.29457
2011,Turkmenistan,9717.641886
2011,Turks and Caicos Islands,23761.20658
2011,Tuvalu,3493.275351
2011,Uganda,1972.310403
2011,Ukraine,12466.80779
2011,United Arab Emirates,56123.47988
2011,United Kingdom,42294.12046
2011,United States,54758.83327
2011,Uruguay,20231.57316
2011,Uzbekistan,4880.862629
2011,Vanuatu,3101.328794
2011,"Venezuela, RB",
2011,Vietnam,5352.022081
2011,Virgin Islands (U.S.),
2011,West Bank and Gaza,5782.689593
2011,"Yemen, Rep.",
2011,Zambia,3201.288029
2011,Zimbabwe,2764.338916
2012,Afghanistan,2075.491614
2012,Albania,11227.99449
2012,Algeria,11233.53132
2012,American Samoa,
2012,Andorra,
2012,Angola,8036.692402
2012,Antigua and Barbuda,17966.06436
2012,Argentina,24118.86752
2012,Armenia,10397.65466
2012,Aruba,34732.49585
2012,Australia,46427.3682
2012,Austria,53221.07866
2012,Azerbaijan,14023.98072
2012,"Bahamas, The",36961.74854
2012,Bahrain,45035.97855
2012,Bangladesh,3195.78104
2012,Barbados,15335.84805
2012,Belarus,18576.72868
2012,Belgium,48209.99152
2012,Belize,7264.46478
2012,Benin,2759.848256
2012,Bermuda,80982.36776
2012,Bhutan,9084.004455
2012,Bolivia,7081.386128
2012,Bosnia and Herzegovina,11257.83507
2012,Botswana,15245.98099
2012,Brazil,15478.78929
2012,British Virgin Islands,
2012,Brunei Darussalam,69090.34149
2012,Bulgaria,18134.96084
2012,Burkina Faso,1834.543308
2012,Burundi,862.715713
2012,Cabo Verde,6353.707704
2012,Cambodia,3022.596725
2012,Cameroon,3180.772335
2012,Canada,46126.51389
2012,Cayman Islands,65835.08782
2012,Central African Republic,1300.28881
2012,Chad,1765.194984
2012,Channel Islands,
2012,Chile,23300.4423
2012,China,10397.56142
2012,Colombia,12852.6257
2012,Comoros,2946.202224
2012,"Congo, Dem. Rep.",926.7878162
2012,"Congo, Rep.",5508.011333
2012,Costa Rica,17994.53623
2012,Cote d'Ivoire,3692.647643
2012,Croatia,23807.31559
2012,Cuba,
2012,Curacao,28040.03605
2012,Cyprus,35719.3218
2012,Czech Republic,33688.09983
2012,Denmark,51216.30941
2012,Djibouti,
2012,Dominica,11837.236
2012,Dominican Republic,13219.69413
2012,Ecuador,11431.37562
2012,"Egypt, Arab Rep.",10301.10781
2012,El Salvador,7754.687992
2012,Equatorial Guinea,36671.35744
2012,Eritrea,
2012,Estonia,28997.32288
2012,Eswatini,7930.468678
2012,Ethiopia,1437.376607
2012,Faroe Islands,
2012,Fiji,10919.49717
2012,Finland,45952.24638
2012,France,42790.63288
2012,French Polynesia,
2012,Gabon,15082.65656
2012,"Gambia, The",2135.744238
2012,Georgia,11295.75409
2012,Germany,49872.44749
2012,Ghana,4431.023735
2012,Gibraltar,
2012,Greece,28374.67695
2012,Greenland,
2012,Grenada,13206.97424
2012,Guam,
2012,Guatemala,7590.755467
2012,Guinea,2002.321687
2012,Guinea-Bissau,1760.883995
2012,Guyana,10780.96439
2012,Haiti,2833.777734
2012,Honduras,5065.456999
2012,"Hong Kong SAR, China",53785.15301
2012,Hungary,24754.22591
2012,Iceland,48440.25508
2012,India,4583.173199
2012,Indonesia,9080.066113
2012,"Iran, Islamic Rep.",12807.39475
2012,Iraq,9997.880826
2012,Ireland,53045.65382
2012,Isle of Man,
2012,Israel,35942.71484
2012,Italy,41501.71123
2012,Jamaica,9433.845758
2012,Japan,38735.89635
2012,Jordan,10688.28934
2012,Kazakhstan,22702.57884
2012,Kenya,3501.789724
2012,Kiribati,1979.902188
2012,"Korea, Dem. People's Rep.",
2012,"Korea, Rep.",36049.19349
2012,Kosovo,8827.823336
2012,Kuwait,61416.97843
2012,Kyrgyz Republic,4259.318204
2012,Lao PDR,5489.040283
2012,Latvia,24060.98577
2012,Lebanon,18039.02895
2012,Lesotho,2585.365725
2012,Liberia,1561.304987
2012,Libya,18806.7838
2012,Liechtenstein,
2012,Lithuania,27330.89595
2012,Luxembourg,105075.9611
2012,"Macao SAR, China",149702.0565
2012,Madagascar,1538.516397
2012,Malawi,1362.604787
2012,Malaysia,22132.21692
2012,Maldives,16709.12932
2012,Mali,2007.80693
2012,Malta,33929.33992
2012,Marshall Islands,3469.542323
2012,Mauritania,4891.057383
2012,Mauritius,18014.99115
2012,Mexico,18594.89447
2012,"Micronesia, Fed. Sts.",3649.44968
2012,Moldova,9000.658925
2012,Monaco,
2012,Mongolia,9488.342966
2012,Montenegro,16802.3983
2012,Morocco,6625.463454
2012,Mozambique,1120.128481
2012,Myanmar,3491.184692
2012,Namibia,9626.539189
2012,Nauru,8090.933471
2012,Nepal,2922.619609
2012,Netherlands,51860.05599
2012,New Caledonia,
2012,New Zealand,38857.11589
2012,Nicaragua,5083.363011
2012,Niger,1085.542828
2012,Nigeria,5131.372645
2012,North Macedonia,13640.22401
2012,Northern Mariana Islands,
2012,Norway,61990.71162
2012,Oman,32961.59043
2012,Pakistan,3980.74865
2012,Palau,16633.53804
2012,Panama,25196.23927
2012,Papua New Guinea,3453.387112
2012,Paraguay,10493.81277
2012,Peru,11176.08672
2012,Philippines,6351.264942
2012,Poland,25457.20646
2012,Portugal,30156.70158
2012,Puerto Rico,33638.86568
2012,Qatar,96261.48733
2012,Romania,21311.13363
2012,Russian Federation,25933.29266
2012,Rwanda,1682.206491
2012,Samoa,5901.405539
2012,San Marino,59708.72737
2012,Sao Tome and Principe,3461.32746
2012,Saudi Arabia,48024.45967
2012,Senegal,2788.671459
2012,Serbia,14894.19593
2012,Seychelles,23203.948
2012,Sierra Leone,1654.412185
2012,Singapore,83112.00734
2012,Sint Maarten (Dutch part),45401.70236
2012,Slovak Republic,26557.79138
2012,Slovenia,32613.49053
2012,Solomon Islands,2530.758932
2012,Somalia,
2012,South Africa,12743.93861
2012,South Sudan,
2012,Spain,35769.46003
2012,Sri Lanka,10712.39735
2012,St. Kitts and Nevis,23194.22396
2012,St. Lucia,14637.9295
2012,St. Martin (French part),
2012,St. Vincent and the Grenadines,11538.36691
2012,Sudan,3785.726439
2012,Suriname,20020.315
2012,Sweden,48300.8425
2012,Switzerland,66440.28702
2012,Syrian Arab Republic,
2012,Tajikistan,2637.654267
2012,Tanzania,2128.52893
2012,Thailand,15424.54427
2012,Timor-Leste,3172.279311
2012,Togo,1746.931262
2012,Tonga,5632.091619
2012,Trinidad and Tobago,28798.497
2012,Tunisia,10123.42966
2012,Turkey,22610.68277
2012,Turkmenistan,10604.00041
2012,Turks and Caicos Islands,23049.44728
2012,Tuvalu,3322.38751
2012,Uganda,1983.880371
2012,Ukraine,12527.4655
2012,United Arab Emirates,57390.70052
2012,United Kingdom,42601.82841
2012,United States,55581.41384
2012,Uruguay,20885.10524
2012,Uzbekistan,5164.274222
2012,Vanuatu,3046.685823
2012,"Venezuela, RB",
2012,Vietnam,5574.493705
2012,Virgin Islands (U.S.),
2012,West Bank and Gaza,5985.683247
2012,"Yemen, Rep.",
2012,Zambia,3339.269902
2012,Zimbabwe,3170.726522
2013,Afghanistan,2116.465258
2013,Albania,11361.29368
2013,Algeria,11319.09706
2013,American Samoa,
2013,Andorra,
2013,Angola,8140.525973
2013,Antigua and Barbuda,17642.86087
2013,Argentina,24424.13645
2013,Armenia,10691.27675
2013,Aruba,35980.16459
2013,Australia,46814.74151
2013,Austria,52921.8171
2013,Azerbaijan,14652.70425
2013,"Bahamas, The",35620.71356
2013,Bahrain,46930.83073
2013,Bangladesh,3349.025008
2013,Barbados,15088.44135
2013,Belarus,18760.16352
2013,Belgium,48203.65268
2013,Belize,7194.917905
2013,Benin,2876.903909
2013,Bermuda,80503.65029
2013,Bhutan,9163.563551
2013,Bolivia,7444.490809
2013,Bosnia and Herzegovina,11725.25086
2013,Botswana,16786.09646
2013,Brazil,15805.22291
2013,British Virgin Islands,
2013,Brunei Darussalam,66715.69265
2013,Bulgaria,18296.14689
2013,Burkina Faso,1883.79654
2013,Burundi,877.2729649
2013,Cabo Verde,6323.376462
2013,Cambodia,3191.861745
2013,Cameroon,3262.763299
2013,Canada,46704.76224
2013,Cayman Islands,65598.18119
2013,Central African Republic,824.9432757
2013,Chad,1804.322522
2013,Channel Islands,
2013,Chile,24006.81233
2013,China,11149.86756
2013,Colombia,13390.4852
2013,Comoros,3005.510857
2013,"Congo, Dem. Rep.",972.4559343
2013,"Congo, Rep.",5335.610694
2013,Costa Rica,18233.01597
2013,Cote d'Ivoire,3922.540884
2013,Croatia,23766.97604
2013,Cuba,
2013,Curacao,27503.78944
2013,Cyprus,33456.28909
2013,Czech Republic,33661.46842
2013,Denmark,51479.26645
2013,Djibouti,4028.43237
2013,Dominica,11708.145
2013,Dominican Republic,13702.32121
2013,Ecuador,11818.58683
2013,"Egypt, Arab Rep.",10290.19162
2013,El Salvador,7892.436955
2013,Equatorial Guinea,33678.73784
2013,Eritrea,
2013,Estonia,29525.11886
2013,Eswatini,8179.485766
2013,Ethiopia,1545.177956
2013,Faroe Islands,
2013,Fiji,11429.35522
2013,Finland,45328.57532
2013,France,42816.27148
2013,French Polynesia,
2013,Gabon,15342.18131
2013,"Gambia, The",2131.436027
2013,Georgia,11740.08912
2013,Germany,49954.17375
2013,Ghana,4645.81841
2013,Gibraltar,
2013,Greece,27797.54473
2013,Greenland,
2013,Grenada,13427.55196
2013,Guam,
2013,Guatemala,7734.117707
2013,Guinea,2035.318627
2013,Guinea-Bissau,1770.476147
2013,Guyana,11117.52938
2013,Haiti,2879.140268
2013,Honduras,5113.459151
2013,"Hong Kong SAR, China",55230.85943
2013,Hungary,25284.37005
2013,Iceland,50168.68853
2013,India,4818.522557
2013,Indonesia,9457.018541
2013,"Iran, Islamic Rep.",12625.08749
2013,Iraq,10349.37646
2013,Ireland,53435.6393
2013,Isle of Man,
2013,Israel,36759.84145
2013,Italy,40268.11279
2013,Jamaica,9427.678977
2013,Japan,39569.63657
2013,Jordan,10414.92128
2013,Kazakhstan,23720.81607
2013,Kenya,3611.82026
2013,Kiribati,2034.127423
2013,"Korea, Dem. People's Rep.",
2013,"Korea, Rep.",37021.13416
2013,Kosovo,9076.326727
2013,Kuwait,58995.3699
2013,Kyrgyz Republic,4631.403267
2013,Lao PDR,5841.881828
2013,Latvia,24881.90877
2013,Lebanon,17537.62275
2013,Lesotho,2614.14311
2013,Liberia,1652.187994
2013,Libya,16160.11024
2013,Liechtenstein,
2013,Lithuania,28589.02666
2013,Luxembourg,106427.4563
2013,"Macao SAR, China",161971.0349
2013,Madagascar,1531.778467
2013,Malawi,1393.343534
2013,Malaysia,22855.94969
2013,Maldives,17133.76821
2013,Mali,1995.159252
2013,Malta,35287.46508
2013,Marshall Islands,3594.938776
2013,Mauritania,4946.0348
2013,Mauritius,18579.37416
2013,Mexico,18600.37118
2013,"Micronesia, Fed. Sts.",3468.166617
2013,Moldova,9817.296297
2013,Monaco,
2013,Mongolia,10383.78371
2013,Montenegro,17381.73999
2013,Morocco,6828.223017
2013,Mozambique,1165.408205
2013,Myanmar,3753.321364
2013,Namibia,9990.745831
2013,Nauru,10493.21242
2013,Nepal,3033.780787
2013,Netherlands,51640.07669
2013,New Caledonia,
2013,New Zealand,39599.1883
2013,Nicaragua,5263.484839
2013,Niger,1099.432246
2013,Nigeria,5329.121517
2013,North Macedonia,14027.13097
2013,Northern Mariana Islands,
2013,Norway,61878.99441
2013,Oman,32189.32529
2013,Pakistan,4069.267498
2013,Palau,16099.32088
2013,Panama,26480.60949
2013,Papua New Guinea,3513.023253
2013,Paraguay,11209.13154
2013,Peru,11724.0036
2013,Philippines,6666.250512
2013,Poland,25759.33915
2013,Portugal,30042.89072
2013,Puerto Rico,33922.15842
2013,Qatar,95499.90761
2013,Romania,22197.03833
2013,Russian Federation,26332.39665
2013,Rwanda,1718.935761
2013,Samoa,5826.675959
2013,San Marino,58419.91361
2013,Sao Tome and Principe,3558.436593
2013,Saudi Arabia,47848.37647
2013,Senegal,2777.111769
2013,Serbia,15399.78291
2013,Seychelles,24150.21072
2013,Sierra Leone,1953.088364
2013,Singapore,85732.80394
2013,Sint Maarten (Dutch part),43523.53579
2013,Slovak Republic,26706.09511
2013,Slovenia,32234.02576
2013,Solomon Islands,2594.461708
2013,Somalia,876.8288837
2013,South Africa,12852.78216
2013,South Sudan,
2013,Spain,35371.73982
2013,Sri Lanka,10990.07059
2013,St. Kitts and Nevis,24225.8336
2013,St. Lucia,14105.31642
2013,St. Martin (French part),
2013,St. Vincent and the Grenadines,11729.41835
2013,Sudan,3947.200643
2013,Suriname,20379.87051
2013,Sweden,48462.16
2013,Switzerland,66877.16305
2013,Syrian Arab Republic,
2013,Tajikistan,2767.836823
2013,Tanzania,2205.95146
2013,Thailand,15767.36081
2013,Timor-Leste,3182.525041
2013,Togo,1805.488919
2013,Tonga,5703.419897
2013,Trinidad and Tobago,29247.01035
2013,Tunisia,10308.3834
2013,Turkey,24117.65847
2013,Turkmenistan,11471.18408
2013,Turks and Caicos Islands,22849.57591
2013,Tuvalu,3440.820546
2013,Uganda,1989.647792
2013,Ukraine,12552.66976
2013,United Arab Emirates,59921.74783
2013,United Kingdom,43242.56767
2013,United States,56214.42868
2013,Uruguay,21786.21194
2013,Uzbekistan,5469.855953
2013,Vanuatu,2975.898004
2013,"Venezuela, RB",
2013,Vietnam,5815.175243
2013,Virgin Islands (U.S.),
2013,West Bank and Gaza,6118.257181
2013,"Yemen, Rep.",
2013,Zambia,3399.702294
2013,Zimbabwe,3176.82933
2014,Afghanistan,2102.384604
2014,Albania,11586.86377
2014,Algeria,11512.70511
2014,American Samoa,
2014,Andorra,
2014,Angola,8239.830672
2014,Antigua and Barbuda,18104.40734
2014,Argentina,23550.09906
2014,Armenia,11019.83878
2014,Aruba,35875.62983
2014,Australia,47289.96461
2014,Austria,52857.05632
2014,Azerbaijan,14875.78164
2014,"Bahamas, The",35659.93113
2014,Bahrain,48201.15717
2014,Bangladesh,3511.645506
2014,Barbados,15041.55475
2014,Belarus,19066.88682
2014,Belgium,48747.67705
2014,Belize,7323.144701
2014,Benin,2975.854782
2014,Bermuda,77361.10488
2014,Bhutan,9574.029004
2014,Bolivia,7730.638402
2014,Bosnia and Herzegovina,12066.58706
2014,Botswana,17264.3958
2014,Brazil,15749.51216
2014,British Virgin Islands,
2014,Brunei Darussalam,64190.82415
2014,Bulgaria,18747.37005
2014,Burkina Faso,1907.949213
2014,Burundi,886.2354167
2014,Cabo Verde,6281.793971
2014,Cambodia,3364.278069
2014,Cameroon,3362.664809
2014,Canada,47564.60911
2014,Cayman Islands,66326.88748
2014,Central African Republic,822.6111949
2014,Chad,1866.266079
2014,Channel Islands,
2014,Chile,24173.06494
2014,China,11917.3385
2014,Colombia,13852.24205
2014,Comoros,2996.379345
2014,"Congo, Dem. Rep.",1029.790813
2014,"Congo, Rep.",5556.70481
2014,Costa Rica,18669.09668
2014,Cote d'Ivoire,4161.9403
2014,Croatia,23782.50246
2014,Cuba,
2014,Curacao,26826.59238
2014,Cyprus,33207.77071
2014,Czech Republic,34386.70491
2014,Denmark,52048.33549
2014,Djibouti,4238.944355
2014,Dominica,12216.53184
2014,Dominican Republic,14499.63041
2014,Ecuador,12078.47439
2014,"Egypt, Arab Rep.",10353.6668
2014,El Salvador,7990.459574
2014,Equatorial Guinea,32436.5535
2014,Eritrea,
2014,Estonia,30494.0963
2014,Eswatini,8192.527953
2014,Ethiopia,1656.634489
2014,Faroe Islands,
2014,Fiji,12057.98713
2014,Finland,44976.77645
2014,France,43021.39464
2014,French Polynesia,
2014,Gabon,15437.26503
2014,"Gambia, The",2038.802518
2014,Georgia,12254.64565
2014,Germany,50845.527
2014,Ghana,4670.244898
2014,Gibraltar,
2014,Greece,28178.69021
2014,Greenland,
2014,Grenada,14317.32573
2014,Guam,
2014,Guatemala,7939.374378
2014,Guinea,2061.694917
2014,Guinea-Bissau,1740.896737
2014,Guyana,11244.44524
2014,Haiti,2935.219925
2014,Honduras,5177.415197
2014,"Hong Kong SAR, China",56359.29899
2014,Hungary,26424.7204
2014,Iceland,50450.74161
2014,India,5116.629105
2014,Indonesia,9801.166283
2014,"Iran, Islamic Rep.",13038.55506
2014,Iraq,9991.615972
2014,Ireland,57668.75547
2014,Isle of Man,
2014,Israel,37474.84918
2014,Italy,39898.52646
2014,Jamaica,9438.476912
2014,Japan,39739.54112
2014,Jordan,10284.6701
2014,Kazakhstan,24355.75612
2014,Kenya,3709.152563
2014,Kiribati,1992.233815
2014,"Korea, Dem. People's Rep.",
2014,"Korea, Rep.",37967.47562
2014,Kosovo,9214.40621
2014,Kuwait,56647.43742
2014,Kyrgyz Republic,4722.086002
2014,Lao PDR,6193.340326
2014,Latvia,25387.00765
2014,Lebanon,16970.43617
2014,Lesotho,2639.445825
2014,Liberia,1621.344665
2014,Libya,12201.20468
2014,Liechtenstein,
2014,Lithuania,29855.83149
2014,Luxembourg,108414.7519
2014,"Macao SAR, China",155201.3996
2014,Madagascar,1540.744824
2014,Malawi,1432.055122
2014,Malaysia,23906.22858
2014,Maldives,17568.40991
2014,Mali,2075.400681
2014,Malta,37230.27839
2014,Marshall Islands,3545.207373
2014,Mauritania,5008.688256
2014,Mauritius,19240.22471
2014,Mexico,18887.56744
2014,"Micronesia, Fed. Sts.",3340.202883
2014,Moldova,10314.40965
2014,Monaco,
2014,Mongolia,10980.324
2014,Montenegro,17674.61841
2014,Morocco,6912.178002
2014,Mozambique,1217.088867
2014,Myanmar,4020.036677
2014,Namibia,10413.31422
2014,Nauru,13175.92165
2014,Nepal,3217.44851
2014,Netherlands,52186.99739
2014,New Caledonia,
2014,New Zealand,40432.24148
2014,Nicaragua,5443.278082
2014,Niger,1127.614075
2014,Nigeria,5516.385598
2014,North Macedonia,14524.1947
2014,Northern Mariana Islands,
2014,Norway,62390.1497
2014,Oman,30530.49931
2014,Pakistan,4171.29183
2014,Palau,17091.22717
2014,Panama,27352.51939
2014,Papua New Guinea,3909.33866
2014,Paraguay,11643.72751
2014,Peru,11877.07893
2014,Philippines,6973.638909
2014,Poland,26649.57728
2014,Portugal,30444.60021
2014,Puerto Rico,34070.25359
2014,Qatar,95578.26151
2014,Romania,23084.37478
2014,Russian Federation,26057.15531
2014,Rwanda,1780.144976
2014,Samoa,5785.487988
2014,San Marino,57328.07663
2014,Sao Tome and Principe,3720.786785
2014,Saudi Arabia,48209.13733
2014,Senegal,2868.315877
2014,Serbia,15226.32017
2014,Seychelles,24848.61022
2014,Sierra Leone,1997.509291
2014,Singapore,87959.41675
2014,Sint Maarten (Dutch part),42946.68454
2014,Slovak Republic,27384.97181
2014,Slovenia,33093.75044
2014,Solomon Islands,2551.401066
2014,Somalia,873.493838
2014,South Africa,12884.4846
2014,South Sudan,
2014,Spain,35968.62014
2014,Sri Lanka,11428.1079
2014,St. Kitts and Nevis,25521.20016
2014,St. Lucia,14288.82231
2014,St. Martin (French part),
2014,St. Vincent and the Grenadines,11845.21038
2014,Sudan,4124.509614
2014,Suriname,20210.99618
2014,Sweden,49258.99616
2014,Switzerland,67682.68618
2014,Syrian Arab Republic,
2014,Tajikistan,2884.200225
2014,Tanzania,2284.961757
2014,Thailand,15854.13186
2014,Timor-Leste,3264.56251
2014,Togo,1863.281894
2014,Tonga,5861.464133
2014,Trinidad and Tobago,28796.55907
2014,Tunisia,10498.84967
2014,Turkey,24881.72779
2014,Turkmenistan,12421.36977
2014,Turks and Caicos Islands,24392.02057
2014,Tuvalu,3447.796226
2014,Uganda,2022.29482
2014,Ukraine,12408.9516
2014,United Arab Emirates,62378.61005
2014,United Kingdom,44154.10561
2014,United States,57213.26784
2014,Uruguay,22419.04375
2014,Uzbekistan,5764.492705
2014,Vanuatu,2984.605124
2014,"Venezuela, RB",
2014,Vietnam,6098.539148
2014,Virgin Islands (U.S.),
2014,West Bank and Gaza,5967.073437
2014,"Yemen, Rep.",
2014,Zambia,3450.0376
2014,Zimbabwe,3195.76797
2015,Afghanistan,2068.265904
2015,Albania,11878.48809
2015,Algeria,11696.96523
2015,American Samoa,
2015,Andorra,
2015,Angola,8036.410898
2015,Antigua and Barbuda,18594.26162
2015,Argentina,23933.88661
2015,Armenia,11321.33254
2015,Aruba,37715.92662
2015,Australia,47636.31964
2015,Austria,52798.09946
2015,Azerbaijan,14853.91055
2015,"Bahamas, The",35400.64947
2015,Bahrain,48110.73419
2015,Bangladesh,3700.110821
2015,Barbados,15382.76569
2015,Belarus,18307.51967
2015,Belgium,49455.44134
2015,Belize,7358.582292
2015,Benin,2945.970221
2015,Bermuda,77842.7539
2015,Bhutan,10086.0728
2015,Bolivia,7984.411983
2015,Bosnia and Herzegovina,12630.66234
2015,Botswana,16714.39782
2015,Brazil,15064.17607
2015,British Virgin Islands,
2015,Brunei Darussalam,63147.48349
2015,Bulgaria,19620.15398
2015,Burkina Faso,1925.332075
2015,Burundi,825.2056607
2015,Cabo Verde,6266.881779
2015,Cambodia,3546.339387
2015,Cameroon,3458.692713
2015,Canada,47522.14067
2015,Cayman Islands,67241.28339
2015,Central African Republic,852.7492366
2015,Chad,1857.107864
2015,Channel Islands,
2015,Chile,24440.41526
2015,China,12691.82155
2015,Colombia,14095.74836
2015,Comoros,2959.498097
2015,"Congo, Dem. Rep.",1065.242577
2015,"Congo, Rep.",5227.934277
2015,Costa Rica,19141.68307
2015,Cote d'Ivoire,4417.150215
2015,Croatia,24562.45362
2015,Cuba,
2015,Curacao,26548.7
2015,Cyprus,34472.29851
2015,Czech Republic,36168.41856
2015,Denmark,52892.64603
2015,Djibouti,4488.802658
2015,Dominica,11873.74184
2015,Dominican Republic,15328.35951
2015,Ecuador,11896.37516
2015,"Egypt, Arab Rep.",10570.44523
2015,El Salvador,8143.224442
2015,Equatorial Guinea,28313.43316
2015,Eritrea,
2015,Estonia,31038.80463
2015,Eswatini,8304.658458
2015,Ethiopia,1779.084111
2015,Faroe Islands,
2015,Fiji,12569.14311
2015,Finland,45072.59021
2015,France,43345.78643
2015,French Polynesia,
2015,Gabon,15510.03895
2015,"Gambia, The",2058.658146
2015,Georgia,12605.14007
2015,Germany,51159.29746
2015,Ghana,4662.303191
2015,Gibraltar,
2015,Greece,28248.12596
2015,Greenland,
2015,Grenada,15142.06257
2015,Guam,
2015,Guatemala,8125.655534
2015,Guinea,2087.935026
2015,Guinea-Bissau,1800.063382
2015,Guyana,11261.81371
2015,Haiti,2941.816081
2015,Honduras,5283.416914
2015,"Hong Kong SAR, China",57215.94803
2015,Hungary,27499.32447
2015,Iceland,52142.93281
2015,India,5464.394057
2015,Indonesia,10149.60387
2015,"Iran, Islamic Rep.",12698.1092
2015,Iraq,10122.20078
2015,Ireland,71508.73384
2015,Isle of Man,
2015,Israel,37554.59866
2015,Italy,40247.82904
2015,Jamaica,9473.106195
2015,Japan,40402.58151
2015,Jordan,10145.8367
2015,Kazakhstan,24290.41763
2015,Kenya,3824.759303
2015,Kiribati,2168.997732
2015,"Korea, Dem. People's Rep.",
2015,"Korea, Rep.",38828.741
2015,Kosovo,9723.580842
2015,Kuwait,54834.39167
2015,Kyrgyz Republic,4805.141092
2015,Lao PDR,6543.670689
2015,Latvia,26621.27223
2015,Lebanon,16299.20776
2015,Lesotho,2701.421855
2015,Liberia,1580.479228
2015,Libya,11022.42921
2015,Liechtenstein,
2015,Lithuania,30748.19631
2015,Luxembourg,110446.0861
2015,"Macao SAR, China",119439.7683
2015,Madagascar,1546.767046
2015,Malawi,1432.085259
2015,Malaysia,24787.82375
2015,Maldives,17284.64789
2015,Mali,2139.736297
2015,Malta,39845.11457
2015,Marshall Islands,3586.056421
2015,Mauritania,5127.432282
2015,Mauritius,19897.4754
2015,Mexico,19268.9144
2015,"Micronesia, Fed. Sts.",3448.303692
2015,Moldova,10360.82959
2015,Monaco,
2015,Mongolia,11022.97853
2015,Montenegro,18263.6006
2015,Morocco,7126.670586
2015,Mozambique,1262.613128
2015,Myanmar,4268.500677
2015,Namibia,10662.82993
2015,Nauru,13551.9626
2015,Nepal,3331.871769
2015,Netherlands,52974.11622
2015,New Caledonia,
2015,New Zealand,41086.1153
2015,Nicaragua,5630.405738
2015,Niger,1132.331205
2015,Nigeria,5514.770273
2015,North Macedonia,15072.94754
2015,Northern Mariana Islands,
2015,Norway,62987.53586
2015,Oman,30146.95605
2015,Pakistan,4278.346663
2015,Palau,18338.12827
2015,Panama,28431.08242
2015,Papua New Guinea,4083.752437
2015,Paraguay,11828.14013
2015,Peru,12110.2669
2015,Philippines,7300.13621
2015,Poland,27797.05842
2015,Portugal,31118.79067
2015,Puerto Rico,34311.02963
2015,Qatar,95965.25124
2015,Romania,23878.18854
2015,Russian Federation,25488.09612
2015,Rwanda,1889.158106
2015,Samoa,5992.439321
2015,San Marino,58061.8568
2015,Sao Tome and Principe,3794.358595
2015,Saudi Arabia,48921.21525
2015,Senegal,2966.455347
2015,Serbia,15578.20285
2015,Seychelles,25500.48656
2015,Sierra Leone,1551.823091
2015,Singapore,89519.73571
2015,Sint Maarten (Dutch part),41852.40413
2015,Slovak Republic,28676.26561
2015,Slovenia,33799.72553
2015,Solomon Islands,2518.647478
2015,Somalia,879.2765319
2015,South Africa,12840.0354
2015,South Sudan,
2015,Spain,37377.06802
2015,Sri Lanka,11890.51653
2015,St. Kitts and Nevis,25569.48412
2015,St. Lucia,14029.59092
2015,St. Martin (French part),
2015,St. Vincent and the Grenadines,11973.41937
2015,Sudan,4187.862722
2015,Suriname,19317.05451
2015,Sweden,50928.96298
2015,Switzerland,68025.92004
2015,Syrian Arab Republic,
2015,Tajikistan,2984.494913
2015,Tanzania,2354.138985
2015,Thailand,16285.38657
2015,Timor-Leste,3297.889163
2015,Togo,1920.469307
2015,Tonga,5944.452686
2015,Trinidad and Tobago,29053.33478
2015,Tunisia,10510.33031
2015,Turkey,25958.64076
2015,Turkmenistan,12993.53181
2015,Turks and Caicos Islands,26693.10354
2015,Tuvalu,3720.305315
2015,Uganda,2054.090449
2015,Ukraine,11237.07446
2015,United Arab Emirates,65218.82043
2015,United Kingdom,44840.78264
2015,United States,58540.29609
2015,Uruguay,22425.83008
2015,Uzbekistan,6086.715742
2015,Vanuatu,2915.70046
2015,"Venezuela, RB",
2015,Vietnam,6438.259854
2015,Virgin Islands (U.S.),
2015,West Bank and Gaza,6048.976597
2015,"Yemen, Rep.",
2015,Zambia,3443.553254
2015,Zimbabwe,3198.982129
2016,Afghanistan,2057.067978
2016,Albania,12291.87338
2016,Algeria,11826.16642
2016,American Samoa,
2016,Andorra,
2016,Angola,7568.998168
2016,Antigua and Barbuda,19419.5808
2016,Argentina,23189.52745
2016,Armenia,11303.06785
2016,Aruba,38314.80603
2016,Australia,48197.43119
2016,Austria,53269.3062
2016,Azerbaijan,14238.78414
2016,"Bahamas, The",35558.0725
2016,Bahrain,47937.70906
2016,Bangladesh,3920.144507
2016,Barbados,15738.07866
2016,Belarus,17822.60659
2016,Belgium,49828.96291
2016,Belize,7207.005184
2016,Benin,2961.440416
2016,Bermuda,78149.35254
2016,Bhutan,10775.19031
2016,Bolivia,8202.544232
2016,Bosnia and Herzegovina,13194.3254
2016,Botswana,17117.27279
2016,Brazil,14451.15284
2016,British Virgin Islands,
2016,Brunei Darussalam,60867.29187
2016,Bulgaria,20513.10095
2016,Burkina Faso,1981.429814
2016,Burundi,794.6042714
2016,Cabo Verde,6482.72155
2016,Cambodia,3733.524626
2016,Cameroon,3524.443041
2016,Canada,47457.58535
2016,Cayman Islands,68484.50784
2016,Central African Republic,884.4951965
2016,Chad,1687.053569
2016,Channel Islands,
2016,Chile,24531.35774
2016,China,13487.82248
2016,Colombia,14194.51566
2016,Comoros,2987.970275
2016,"Congo, Dem. Rep.",1055.572915
2016,"Congo, Rep.",4551.370451
2016,Costa Rica,19736.6653
2016,Cote d'Ivoire,4615.709257
2016,Croatia,25599.84362
2016,Cuba,
2016,Curacao,26009.528
2016,Cyprus,36523.73321
2016,Czech Republic,37014.95929
2016,Denmark,54185.00848
2016,Djibouti,4709.523889
2016,Dominica,12154.75144
2016,Dominican Republic,16166.61153
2016,Ecuador,11551.61597
2016,"Egypt, Arab Rep.",10795.80874
2016,El Salvador,8309.441799
2016,Equatorial Guinea,24827.03212
2016,Eritrea,
2016,Estonia,32008.93436
2016,Eswatini,8321.031914
2016,Ethiopia,1894.897364
2016,Faroe Islands,
2016,Fiji,12820.7246
2016,Finland,46206.78781
2016,France,43705.14756
2016,French Polynesia,
2016,Gabon,15359.7404
2016,"Gambia, The",2036.877159
2016,Georgia,12963.74396
2016,Germany,51879.67259
2016,Ghana,4712.514355
2016,Gibraltar,
2016,Greece,28226.90728
2016,Greenland,
2016,Grenada,15613.69013
2016,Guam,
2016,Guatemala,8206.047987
2016,Guinea,2253.477683
2016,Guinea-Bissau,1864.263035
2016,Guyana,11631.0432
2016,Haiti,2952.617094
2016,Honduras,5395.614551
2016,"Hong Kong SAR, China",58096.29926
2016,Hungary,28170.82136
2016,Iceland,54665.76392
2016,India,5851.39488
2016,Indonesia,10531.11097
2016,"Iran, Islamic Rep.",14205.21163
2016,Iraq,11191.11504
2016,Ireland,72150.03997
2016,Isle of Man,
2016,Israel,38234.72448
2016,Italy,40837.73763
2016,Jamaica,9553.096196
2016,Japan,40754.10293
2016,Jordan,10036.54362
2016,Kazakhstan,24210.86296
2016,Kenya,3952.758132
2016,Kiribati,2247.919779
2016,"Korea, Dem. People's Rep.",
2016,"Korea, Rep.",39814.65893
2016,Kosovo,10179.9251
2016,Kuwait,54708.97979
2016,Kyrgyz Republic,4912.382484
2016,Lao PDR,6896.127374
2016,Latvia,27503.1773
2016,Lebanon,16100.9228
2016,Lesotho,2776.740984
2016,Liberia,1516.355714
2016,Libya,10592.43094
2016,Liechtenstein,
2016,Lithuania,31925.80342
2016,Luxembourg,113035.8347
2016,"Macao SAR, China",116556.7883
2016,Madagascar,1565.867553
2016,Malawi,1428.423917
2016,Malaysia,25541.77051
2016,Maldives,17584.14754
2016,Mali,2198.560381
2016,Malta,40536.71818
2016,Marshall Islands,3605.477689
2016,Mauritania,5045.896724
2016,Mauritius,20646.933
2016,Mexico,19539.26125
2016,"Micronesia, Fed. Sts.",3437.38984
2016,Moldova,10942.55087
2016,Monaco,
2016,Mongolia,10940.41865
2016,Montenegro,18797.90562
2016,Morocco,7106.241249
2016,Mozambique,1273.783633
2016,Myanmar,4482.9268
2016,Namibia,10471.27929
2016,Nauru,13901.95361
2016,Nepal,3315.814414
2016,Netherlands,53847.82655
2016,New Caledonia,
2016,New Zealand,41672.10124
2016,Nicaragua,5811.883058
2016,Niger,1151.657874
2016,Nigeria,5284.893228
2016,North Macedonia,15491.74359
2016,Northern Mariana Islands,
2016,Norway,63104.10039
2016,Oman,30184.87016
2016,Pakistan,4421.581929
2016,Palau,18268.03166
2016,Panama,29332.41454
2016,Papua New Guinea,4222.524993
2016,Paraguay,12170.78439
2016,Peru,12403.68714
2016,Philippines,7705.05377
2016,Poland,28682.69393
2016,Portugal,31847.53773
2016,Puerto Rico,34539.58684
2016,Qatar,95601.80731
2016,Romania,25145.01335
2016,Russian Federation,25490.70826
2016,Rwanda,1950.526265
2016,Samoa,6440.797422
2016,San Marino,59009.79868
2016,Sao Tome and Principe,3878.82987
2016,Saudi Arabia,48625.84382
2016,Senegal,3067.665577
2016,Serbia,16182.82169
2016,Seychelles,26309.6859
2016,Sierra Leone,1610.550969
2016,Singapore,91307.50362
2016,Sint Maarten (Dutch part),40857.76948
2016,Slovak Republic,29250.11804
2016,Slovenia,34853.04212
2016,Solomon Islands,2596.545938
2016,Somalia,879.8893709
2016,South Africa,12702.91708
2016,South Sudan,
2016,Spain,38477.57918
2016,Sri Lanka,12287.47307
2016,St. Kitts and Nevis,26075.7425
2016,St. Lucia,14516.24212
2016,St. Martin (French part),
2016,St. Vincent and the Grenadines,12163.60498
2016,Sudan,4234.757536
2016,Suriname,18180.60261
2016,Sweden,51334.43203
2016,Switzerland,68663.24382
2016,Syrian Arab Republic,
2016,Tajikistan,3113.254517
2016,Tanzania,2441.636945
2016,Thailand,16782.09867
2016,Timor-Leste,3344.570884
2016,Togo,1976.807793
2016,Tonga,6312.326302
2016,Trinidad and Tobago,27281.85826
2016,Tunisia,10524.9136
2016,Turkey,26385.00194
2016,Turkmenistan,13562.52848
2016,Turks and Caicos Islands,28175.2522
2016,Tuvalu,3787.816642
2016,Uganda,2075.011666
2016,Ukraine,11534.638
2016,United Arab Emirates,66510.90299
2016,United Kingdom,45268.73045
2016,United States,59112.24221
2016,Uruguay,22724.02213
2016,Uzbekistan,6346.334778
2016,Vanuatu,2973.467613
2016,"Venezuela, RB",
2016,Vietnam,6767.778832
2016,Virgin Islands (U.S.),
2016,West Bank and Gaza,6438.93364
2016,"Yemen, Rep.",
2016,Zambia,3467.887448
2016,Zimbabwe,3173.610829
2017,Afghanistan,2058.400221
2017,Albania,12770.97504
2017,Algeria,11737.41616
2017,American Samoa,
2017,Andorra,
2017,Angola,7310.896589
2017,Antigua and Barbuda,19840.28404
2017,Argentina,23597.11775
2017,Armenia,12115.13929
2017,Aruba,38897.12267
2017,Australia,48482.64746
2017,Austria,54169.96399
2017,Azerbaijan,14121.40694
2017,"Bahamas, The",36298.448
2017,Bahrain,47709.77802
2017,Bangladesh,4160.703325
2017,Barbados,15789.04116
2017,Belarus,18280.19892
2017,Belgium,50442.27054
2017,Belize,7193.63431
2017,Benin,3044.517156
2017,Bermuda,81834.95587
2017,Bhutan,11142.47467
2017,Bolivia,8423.69756
2017,Bosnia and Herzegovina,13753.83205
2017,Botswana,17253.6875
2017,Brazil,14524.61354
2017,British Virgin Islands,
2017,Brunei Darussalam,60994.53156
2017,Bulgaria,21387.27664
2017,Burkina Faso,2044.386987
2017,Burundi,773.5728587
2017,Cabo Verde,6643.179892
2017,Cambodia,3928.373934
2017,Cameroon,3554.521539
2017,Canada,48317.09658
2017,Cayman Islands,69753.08972
2017,Central African Republic,912.8030453
2017,Chad,1587.032328
2017,Channel Islands,
2017,Chile,24470.70362
2017,China,14344.42124
2017,Colombia,14171.3205
2017,Comoros,3032.262133
2017,"Congo, Dem. Rep.",1059.810762
2017,"Congo, Rep.",4241.858343
2017,Costa Rica,20347.03477
2017,Cote d'Ivoire,4830.750515
2017,Croatia,26800.11898
2017,Cuba,
2017,Curacao,25475.48966
2017,Cyprus,38050.85774
2017,Czech Republic,38824.88792
2017,Denmark,55356.68078
2017,Djibouti,4885.205039
2017,Dominica,11304.04333
2017,Dominican Republic,16735.36442
2017,Ecuador,11617.91222
2017,"Egypt, Arab Rep.",11014.48648
2017,El Salvador,8454.055551
2017,Equatorial Guinea,22550.95816
2017,Eritrea,
2017,Estonia,33821.93291
2017,Eswatini,8408.043122
2017,Ethiopia,2021.562908
2017,Faroe Islands,
2017,Fiji,13429.30062
2017,Finland,47570.13358
2017,France,44577.06457
2017,French Polynesia,
2017,Gabon,15006.84404
2017,"Gambia, The",2072.646833
2017,Georgia,13589.70739
2017,Germany,53071.45557
2017,Ghana,4983.688856
2017,Gibraltar,
2017,Greece,28645.04362
2017,Greenland,
2017,Grenada,16217.49985
2017,Guam,
2017,Guatemala,8322.21681
2017,Guinea,2417.803795
2017,Guinea-Bissau,1925.237737
2017,Guyana,12005.4051
2017,Haiti,2980.960584
2017,Honduras,5561.994542
2017,"Hong Kong SAR, China",59849.24818
2017,Hungary,29465.12624
2017,Iceland,55638.49206
2017,India,6182.922109
2017,Indonesia,10935.63172
2017,"Iran, Islamic Rep.",14535.87358
2017,Iraq,10719.01222
2017,Ireland,77749.20196
2017,Isle of Man,
2017,Israel,38833.97343
2017,Italy,41581.12079
2017,Jamaica,9600.104746
2017,Japan,41505.08248
2017,Jordan,10003.57498
2017,Kazakhstan,24862.96612
2017,Kenya,4046.234771
2017,Kiribati,2235.694985
2017,"Korea, Dem. People's Rep.",
2017,"Korea, Rep.",40957.41806
2017,Kosovo,10530.48166
2017,Kuwait,50855.55286
2017,Kyrgyz Republic,5046.691535
2017,Lao PDR,7257.812107
2017,Latvia,28650.00776
2017,Lebanon,15987.65434
2017,Lesotho,2668.291425
2017,Liberia,1515.64454
2017,Libya,13238.00054
2017,Liechtenstein,
2017,Lithuania,33761.87124
2017,Luxembourg,112308.1738
2017,"Macao SAR, China",126183.6761
2017,Madagascar,1584.424475
2017,Malawi,1446.473062
2017,Malaysia,26661.50742
2017,Maldives,18058.58108
2017,Mali,2246.797421
2017,Malta,42644.05085
2017,Marshall Islands,3706.253158
2017,Mauritania,5077.185987
2017,Mauritius,21415.11611
2017,Mexico,19721.26098
2017,"Micronesia, Fed. Sts.",3490.130487
2017,Moldova,11651.31745
2017,Monaco,
2017,Mongolia,11311.76113
2017,Montenegro,19682.28335
2017,Morocco,7312.056779
2017,Mozambique,1283.65987
2017,Myanmar,4739.915445
2017,Namibia,10171.42149
2017,Nauru,12975.39238
2017,Nepal,3565.197807
2017,Netherlands,55088.6338
2017,New Caledonia,
2017,New Zealand,42285.3199
2017,Nicaragua,6004.02858
2017,Niger,1163.687784
2017,Nigeria,5190.356127
2017,North Macedonia,15649.92742
2017,Northern Mariana Islands,
2017,Norway,64050.75617
2017,Oman,29077.3636
2017,Pakistan,4571.205078
2017,Palau,17826.39361
2017,Panama,30446.83723
2017,Papua New Guinea,4285.628756
2017,Paraguay,12590.54844
2017,Peru,12506.52938
2017,Philippines,8120.868793
2017,Poland,30064.50348
2017,Portugal,33044.71674
2017,Puerto Rico,34363.74599
2017,Qatar,91738.75279
2017,Romania,27141.91933
2017,Russian Federation,25926.44385
2017,Rwanda,1975.248661
2017,Samoa,6480.845407
2017,San Marino,58867.01336
2017,Sao Tome and Principe,3952.945394
2017,Saudi Arabia,47306.22232
2017,Senegal,3203.906368
2017,Serbia,16611.01686
2017,Seychelles,27242.65603
2017,Sierra Leone,1642.60747
2017,Singapore,95350.43567
2017,Sint Maarten (Dutch part),37914.12297
2017,Slovak Republic,30077.84553
2017,Slovenia,36507.55304
2017,Solomon Islands,2663.939508
2017,Somalia,867.4542909
2017,South Africa,12701.34893
2017,South Sudan,
2017,Spain,39528.92539
2017,Sri Lanka,12584.10479
2017,St. Kitts and Nevis,25360.09102
2017,St. Lucia,14945.73328
2017,St. Martin (French part),
2017,St. Vincent and the Grenadines,12245.12634
2017,Sudan,4327.782553
2017,Suriname,18283.68839
2017,Sweden,51947.95425
2017,Switzerland,69103.57026
2017,Syrian Arab Republic,
2017,Tajikistan,3252.932655
2017,Tanzania,2530.603317
2017,Thailand,17422.95235
2017,Timor-Leste,3145.483121
2017,Togo,2012.240693
2017,Tonga,6467.124278
2017,Trinidad and Tobago,26342.61666
2017,Tunisia,10605.29488
2017,Turkey,27913.81872
2017,Turkmenistan,14205.02651
2017,Turks and Caicos Islands,27060.58966
2017,Tuvalu,3896.748473
2017,Uganda,2074.652436
2017,Ukraine,11871.12362
2017,United Arab Emirates,67183.60531
2017,United Kingdom,45744.71049
2017,United States,60109.65573
2017,Uruguay,23009.87423
2017,Uzbekistan,6518.804687
2017,Vanuatu,3081.835198
2017,"Venezuela, RB",
2017,Vietnam,7155.443187
2017,Virgin Islands (U.S.),
2017,West Bank and Gaza,6401.740891
2017,"Yemen, Rep.",
2017,Zambia,3485.02178
2017,Zimbabwe,3274.611198
2018,Afghanistan,2033.804389
2018,Albania,13323.75336
2018,Algeria,11642.19835
2018,American Samoa,
2018,Andorra,
2018,Angola,6933.499934
2018,Antigua and Barbuda,21030.39507
2018,Argentina,22759.39856
2018,Armenia,12715.10895
2018,Aruba,
2018,Australia,49151.68871
2018,Austria,55297.61829
2018,Azerbaijan,14209.64941
2018,"Bahamas, The",37019.99505
2018,Bahrain,46200.44558
2018,Bangladesh,4440.85547
2018,Barbados,15674.90432
2018,Belarus,18885.2355
2018,Belgium,51110.95847
2018,Belize,7261.870287
2018,Benin,3160.78067
2018,Bermuda,81422.1346
2018,Bhutan,11348.44195
2018,Bolivia,8655.531498
2018,Bosnia and Herzegovina,14386.73185
2018,Botswana,17634.65619
2018,Brazil,14668.25616
2018,British Virgin Islands,
2018,Brunei Darussalam,60389.18465
2018,Bulgaria,22208.45228
2018,Burkina Faso,2120.330268
2018,Burundi,761.5241252
2018,Cabo Verde,6864.185298
2018,Cambodia,4159.338194
2018,Cameroon,3603.548275
2018,Canada,48796.81378
2018,Cayman Islands,71784.04808
2018,Central African Republic,933.1099506
2018,Chad,1576.321115
2018,Channel Islands,
2018,Chile,25028.90999
2018,China,15242.98586
2018,Colombia,14314.85558
2018,Comoros,3066.837847
2018,"Congo, Dem. Rep.",1085.893688
2018,"Congo, Rep.",3933.425551
2018,Costa Rica,20559.86043
2018,Cote d'Ivoire,5033.478826
2018,Croatia,27799.84332
2018,Cuba,
2018,Curacao,25054.89523
2018,Cyprus,39559.48796
2018,Czech Republic,39932.99219
2018,Denmark,56178.77463
2018,Djibouti,5214.072187
2018,Dominica,11537.01907
2018,Dominican Republic,17711.79553
2018,Ecuador,11561.74785
2018,"Egypt, Arab Rep.",11366.33552
2018,El Salvador,8614.017959
2018,Equatorial Guinea,20386.01387
2018,Eritrea,
2018,Estonia,35097.7041
2018,Eswatini,8520.592386
2018,Ethiopia,2103.515858
2018,Faroe Islands,
2018,Fiji,13846.15884
2018,Finland,48049.58378
2018,France,45284.00279
2018,French Polynesia,
2018,Gabon,14744.43433
2018,"Gambia, The",2158.077558
2018,Georgia,14253.40899
2018,Germany,53486.84057
2018,Ghana,5177.883989
2018,Gibraltar,
2018,Greece,29150.69449
2018,Greenland,
2018,Grenada,16801.95524
2018,Guam,
2018,Guatemala,8462.172107
2018,Guinea,2499.707266
2018,Guinea-Bissau,1901.931739
2018,Guyana,12477.57671
2018,Haiti,2992.310411
2018,Honduras,5680.362884
2018,"Hong Kong SAR, China",61062.94765
2018,Hungary,31095.5575
2018,Iceland,56818.19584
2018,India,6518.845055
2018,Indonesia,11371.72556
2018,"Iran, Islamic Rep.",13471.86064
2018,Iraq,10346.21296
2018,Ireland,83726.36296
2018,Isle of Man,
2018,Israel,39418.34531
2018,Italy,42052.55638
2018,Jamaica,9734.862288
2018,Japan,41821.70853
2018,Jordan,10013.39766
2018,Kazakhstan,25544.34476
2018,Kenya,4203.838273
2018,Kiribati,2254.059232
2018,"Korea, Dem. People's Rep.",
2018,"Korea, Rep.",41948.34601
2018,Kosovo,10895.044
2018,Kuwait,50478.58751
2018,Kyrgyz Republic,5133.151915
2018,Lao PDR,7592.829475
2018,Latvia,30036.08655
2018,Lebanon,15588.15287
2018,Lesotho,2614.658849
2018,Liberia,1497.004787
2018,Libya,15017.99357
2018,Liechtenstein,
2018,Lithuania,35427.46186
2018,Luxembourg,113589.6705
2018,"Macao SAR, China",132416.8029
2018,Madagascar,1592.053558
2018,Malawi,1471.037249
2018,Malaysia,27558.13695
2018,Maldives,18795.53035
2018,Mali,2283.702413
2018,Malta,43313.47703
2018,Marshall Islands,3806.689724
2018,Mauritania,5042.431198
2018,Mauritius,22208.13812
2018,Mexico,19928.39566
2018,"Micronesia, Fed. Sts.",3460.909048
2018,Moldova,12363.14684
2018,Monaco,
2018,Mongolia,11915.55675
2018,Montenegro,20686.57591
2018,Morocco,7446.93622
2018,Mozambique,1289.735948
2018,Myanmar,5029.188086
2018,Namibia,10092.25882
2018,Nauru,13636.36094
2018,Nepal,3773.715918
2018,Netherlands,56060.91363
2018,New Caledonia,
2018,New Zealand,42866.12723
2018,Nicaragua,5729.688224
2018,Niger,1200.972464
2018,Nigeria,5155.075994
2018,North Macedonia,16093.31042
2018,Northern Mariana Islands,
2018,Norway,64341.2589
2018,Oman,28350.94353
2018,Pakistan,4739.472713
2018,Palau,18444.30776
2018,Panama,31012.94615
2018,Papua New Guinea,4190.094895
2018,Paraguay,12827.70802
2018,Peru,12781.41644
2018,Philippines,8516.136549
2018,Poland,31674.13162
2018,Portugal,34040.72556
2018,Puerto Rico,34299.35854
2018,Qatar,90970.0609
2018,Romania,28523.47318
2018,Russian Federation,26656.40954
2018,Rwanda,2088.749224
2018,Samoa,6322.208997
2018,San Marino,59576.42939
2018,Sao Tome and Principe,3993.278796
2018,Saudi Arabia,47592.76715
2018,Senegal,3309.486173
2018,Serbia,17452.7959
2018,Seychelles,27342.16165
2018,Sierra Leone,1663.29348
2018,Singapore,98222.84604
2018,Sint Maarten (Dutch part),35342.10661
2018,Slovak Republic,31132.57297
2018,Slovenia,37984.13292
2018,Solomon Islands,2697.646431
2018,Somalia,866.7653021
2018,South Africa,12627.92858
2018,South Sudan,
2018,Spain,40256.95248
2018,Sri Lanka,12860.32083
2018,St. Kitts and Nevis,25901.6333
2018,St. Lucia,15261.36435
2018,St. Martin (French part),
2018,St. Vincent and the Grenadines,12466.41614
2018,Sudan,4344.529887
2018,Suriname,19005.65435
2018,Sweden,52349.29243
2018,Switzerland,70597.29207
2018,Syrian Arab Republic,
2018,Tajikistan,3415.322336
2018,Tanzania,2590.201138
2018,Thailand,18095.73657
2018,Timor-Leste,3051.668117
2018,Togo,2061.334176
2018,Tonga,6411.289368
2018,Trinidad and Tobago,26250.37224
2018,Tunisia,10763.72978
2018,Turkey,28312.68342
2018,Turkmenistan,14845.34465
2018,Turks and Caicos Islands,28160.88929
2018,Tuvalu,3945.563673
2018,Uganda,2121.96782
2018,Ukraine,12338.00245
2018,United Arab Emirates,66968.22118
2018,United Kingdom,46037.90054
2018,United States,61585.75604
2018,Uruguay,23035.08339
2018,Uzbekistan,6755.480974
2018,Vanuatu,3093.461547
2018,"Venezuela, RB",
2018,Vietnam,7585.943155
2018,Virgin Islands (U.S.),
2018,West Bank and Gaza,6318.210068
2018,"Yemen, Rep.",
2018,Zambia,3521.542063
2018,Zimbabwe,3341.665418
2019,Afghanistan,2065.036235
2019,Albania,13671.48842
2019,Algeria,11510.55709
2019,American Samoa,
2019,Andorra,
2019,Angola,6670.331458
2019,Antigua and Barbuda,21548.72501
2019,Argentina,22063.90437
2019,Armenia,13653.76338
2019,Aruba,
2019,Australia,49455.53851
2019,Austria,55833.31569
2019,Azerbaijan,14439.3014
2019,"Bahamas, The",37100.36296
2019,Bahrain,45060.42374
2019,Bangladesh,4753.726597
2019,Barbados,15639.04784
2019,Belarus,19283.11715
2019,Belgium,51742.72638
2019,Belize,7251.921351
2019,Benin,3287.309538
2019,Bermuda,81804.26568
2019,Bhutan,11832.15825
2019,Bolivia,8724.474187
2019,Bosnia and Herzegovina,14896.79004
2019,Botswana,17776.80831
2019,Brazil,14763.8717
2019,British Virgin Islands,
2019,Brunei Darussalam,62098.01134
2019,Bulgaria,23191.57458
2019,Burkina Faso,2178.322879
2019,Burundi,751.6641528
2019,Cabo Verde,7171.826425
2019,Cambodia,4388.800909
2019,Cameroon,3642.276273
2019,Canada,49006.74311
2019,Cayman Islands,73633.70163
2019,Central African Republic,945.1420429
2019,Chad,1579.626101
2019,Channel Islands,
2019,Chile,24967.58021
2019,China,16092.30077
2019,Colombia,14585.30249
2019,Comoros,3059.491726
2019,"Congo, Dem. Rep.",1097.94884
2019,"Congo, Rep.",3842.798856
2019,Costa Rica,20805.34368
2019,Cote d'Ivoire,5212.554021
2019,Croatia,28753.51627
2019,Cuba,
2019,Curacao,24494.34261
2019,Cyprus,40226.80949
2019,Czech Republic,40981.05651
2019,Denmark,57161.68639
2019,Djibouti,5534.766172
2019,Dominica,11905.87052
2019,Dominican Republic,18412.89999
2019,Ecuador,11370.6033
2019,"Egypt, Arab Rep.",11763.25328
2019,El Salvador,8796.062064
2019,Equatorial Guinea,18502.56396
2019,Eritrea,
2019,Estonia,36399.92922
2019,Eswatini,8621.804067
2019,Ethiopia,2221.404665
2019,Faroe Islands,
2019,Fiji,13684.36082
2019,Finland,48641.62408
2019,France,46017.76596
2019,French Polynesia,
2019,Gabon,14950.07708
2019,"Gambia, The",2222.87959
2019,Georgia,14989.25816
2019,Germany,53929.63929
2019,Ghana,5396.866088
2019,Gibraltar,
2019,Greece,29723.22196
2019,Greenland,
2019,Grenada,17050.29304
2019,Guam,
2019,Guatemala,8653.308195
2019,Guinea,2567.033987
2019,Guinea-Bissau,1939.28951
2019,Guyana,13082.20262
2019,Haiti,2905.438565
2019,Honduras,5736.181633
2019,"Hong Kong SAR, China",59586.20401
2019,Hungary,32553.5237
2019,Iceland,56935.77273
2019,India,6713.932211
2019,Indonesia,11811.97556
2019,"Iran, Islamic Rep.",12389.22335
2019,Iraq,10565.24743
2019,Ireland,86650.00466
2019,Isle of Man,
2019,Israel,40007.31916
2019,Italy,42662.52237
2019,Jamaica,9777.005686
2019,Japan,42022.48962
2019,Jordan,10071.37989
2019,Kazakhstan,26351.80444
2019,Kenya,4329.871884
2019,Kiribati,2270.108607
2019,"Korea, Dem. People's Rep.",
2019,"Korea, Rep.",42719.00026
2019,Kosovo,11485.92401
2019,Kuwait,49853.73628
2019,Kyrgyz Republic,5258.366696
2019,Lao PDR,7886.652814
2019,Latvia,30858.75007
2019,Lebanon,14551.59371
2019,Lesotho,2583.924371
2019,Liberia,1427.81909
2019,Libya,15174.16252
2019,Liechtenstein,
2019,Lithuania,37062.58675
2019,Luxembourg,113940.2374
2019,"Macao SAR, China",127161.4994
2019,Madagascar,1618.532314
2019,Malawi,1514.662677
2019,Malaysia,28364.47632
2019,Maldives,19531.04256
2019,Mali,2321.917173
2019,Malta,43950.58805
2019,Marshall Islands,4029.086329
2019,Mauritania,5197.072251
2019,Mauritius,22870.28625
2019,Mexico,19701.33767
2019,"Micronesia, Fed. Sts.",3466.413293
2019,Moldova,13022.00461
2019,Monaco,
2019,Mongolia,12316.79137
2019,Montenegro,21533.94924
2019,Morocco,7537.485272
2019,Mozambique,1281.506041
2019,Myanmar,5082.503161
2019,Namibia,9845.213068
2019,Nauru,13527.41194
2019,Nepal,3952.760349
2019,Netherlands,56784.03725
2019,New Caledonia,
2019,New Zealand,42877.94291
2019,Nicaragua,5451.707835
2019,Niger,1224.510262
2019,Nigeria,5135.499469
2019,North Macedonia,16600.14365
2019,Northern Mariana Islands,
2019,Norway,64452.81262
2019,Oman,27294.57298
2019,Pakistan,4690.484777
2019,Palau,17572.6226
2019,Panama,31432.11327
2019,Papua New Guinea,4349.808048
2019,Paraguay,12615.52865
2019,Peru,12853.69207
2019,Philippines,8914.723798
2019,Poland,33120.51784
2019,Portugal,34879.70597
2019,Puerto Rico,34804.93471
2019,Qatar,90043.799
2019,Romania,29857.64647
2019,Russian Federation,27210.546
2019,Rwanda,2227.517033
2019,Samoa,6516.520678
2019,San Marino,60847.10676
2019,Sao Tome and Principe,4005.341623
2019,Saudi Arabia,46962.14769
2019,Senegal,3361.461548
2019,Serbia,18292.17503
2019,Seychelles,27521.16677
2019,Sierra Leone,1719.789744
2019,Singapore,98411.58206
2019,Sint Maarten (Dutch part),
2019,Slovak Republic,31871.33492
2019,Slovenia,38946.68538
2019,Solomon Islands,2660.979697
2019,Somalia,866.7622897
2019,South Africa,12481.81351
2019,South Sudan,
2019,Spain,40803.62698
2019,Sri Lanka,13070.12564
2019,St. Kitts and Nevis,26235.55455
2019,St. Lucia,15448.34491
2019,St. Martin (French part),
2019,St. Vincent and the Grenadines,12484.72871
2019,Sudan,4185.600635
2019,Suriname,19036.74504
2019,Sweden,52850.56918
2019,Switzerland,70944.35481
2019,Syrian Arab Republic,
2019,Tajikistan,3581.411402
2019,Tanzania,2660.420433
2019,Thailand,18453.46982
2019,Timor-Leste,3552.596998
2019,Togo,2121.899918
2019,Tonga,6378.128346
2019,Trinidad and Tobago,25827.88507
2019,Tunisia,10755.57266
2019,Turkey,28199.05159
2019,Turkmenistan,15538.41997
2019,Turks and Caicos Islands,29251.07773
2019,Tuvalu,4274.763166
2019,Uganda,2187.465227
2019,Ukraine,12808.799
2019,United Arab Emirates,67119.15324
2019,United Kingdom,46406.46175
2019,United States,62630.87328
2019,Uruguay,23032.73404
2019,Uzbekistan,7014.324699
2019,Vanuatu,3117.678832
2019,"Venezuela, RB",
2019,Vietnam,8041.178384
2019,Virgin Islands (U.S.),
2019,West Bank and Gaza,6245.448697
2019,"Yemen, Rep.",
2019,Zambia,3470.448024
2019,Zimbabwe,3027.656038
2020,Afghanistan,1978.961579
2020,Albania,13295.41088
2020,Algeria,10681.6793
2020,American Samoa,
2020,Andorra,
2020,Angola,6198.083841
2020,Antigua and Barbuda,17956.31572
2020,Argentina,19686.52366
2020,Armenia,12592.63537
2020,Aruba,
2020,Australia,48697.83703
2020,Austria,52119.84825
2020,Azerbaijan,13699.66559
2020,"Bahamas, The",30764.11597
2020,Bahrain,40933.35266
2020,Bangladesh,4818.094737
2020,Barbados,12870.0425
2020,Belarus,19148.1751
2020,Belgium,48210.03311
2020,Belize,6119.887687
2020,Benin,3323.144451
2020,Bermuda,
2020,Bhutan,10909.10017
2020,Bolivia,7931.754309
2020,Bosnia and Herzegovina,14339.83118
2020,Botswana,16040.00847
2020,Brazil,14063.98251
2020,British Virgin Islands,
2020,Brunei Darussalam,62243.58315
2020,Bulgaria,22383.80554
2020,Burkina Faso,2160.51153
2020,Burundi,731.0632297
2020,Cabo Verde,6045.060885
2020,Cambodia,4191.850003
2020,Cameroon,3576.349499
2020,Canada,45900.18286
2020,Cayman Islands,
2020,Central African Republic,928.5895075
2020,Chad,1519.912362
2020,Channel Islands,
2020,Chile,23324.52475
2020,China,16410.7978
2020,Colombia,13441.49295
2020,Comoros,3140.698772
2020,"Congo, Dem. Rep.",1072.210113
2020,"Congo, Rep.",3449.145695
2020,Costa Rica,19679.28864
2020,Cote d'Ivoire,5174.100553
2020,Croatia,26465.12731
2020,Cuba,
2020,Curacao,
2020,Cyprus,37655.18035
2020,Czech Republic,38509.26691
2020,Denmark,55819.90953
2020,Djibouti,5481.114817
2020,Dominica,9891.29194
2020,Dominican Republic,17003.01302
2020,Ecuador,10329.19875
2020,"Egypt, Arab Rep.",11951.44753
2020,El Salvador,8056.543086
2020,Equatorial Guinea,17007.62478
2020,Eritrea,
2020,Estonia,35215.36382
2020,Eswatini,8392.717564
2020,Ethiopia,2296.827352
2020,Faroe Islands,
2020,Fiji,10997.47349
2020,Finland,47167.42722
2020,France,42313.19311
2020,French Polynesia,
2020,Gabon,14399.86881
2020,"Gambia, The",2159.441909
2020,Georgia,14089.30233
2020,Germany,51374.02744
2020,Ghana,5304.983525
2020,Gibraltar,
2020,Greece,27287.0834
2020,Greenland,
2020,Grenada,15065.87195
2020,Guam,
2020,Guatemala,8393.284643
2020,Guinea,2670.823355
2020,Guinea-Bissau,1847.465824
2020,Guyana,18679.98023
2020,Haiti,2773.081364
2020,Honduras,5138.385398
2020,"Hong Kong SAR, China",56153.9715
2020,Hungary,31007.76841
2020,Iceland,52381.11273
2020,India,6118.35733
2020,Indonesia,11444.96068
2020,"Iran, Islamic Rep.",12433.29698
2020,Iraq,9255.256903
2020,Ireland,90624.71895
2020,Isle of Man,
2020,Israel,38341.29779
2020,Italy,38992.14838
2020,Jamaica,8741.550443
2020,Japan,39715.93391
2020,Jordan,9816.55453
2020,Kazakhstan,25337.1524
2020,Kenya,4220.440248
2020,Kiribati,2291.907219
2020,"Korea, Dem. People's Rep.",
2020,"Korea, Rep.",42251.44506
2020,Kosovo,10776.09525
2020,Kuwait,
2020,Kyrgyz Republic,4706.570238
2020,Lao PDR,7805.798556
2020,Latvia,29932.49391
2020,Lebanon,11649.05011
2020,Lesotho,2279.895874
2020,Liberia,1353.84292
2020,Libya,10282.29108
2020,Liechtenstein,
2020,Lithuania,36732.03474
2020,Luxembourg,110261.1574
2020,"Macao SAR, China",54797.92984
2020,Madagascar,1510.141726
2020,Malawi,1486.778248
2020,Malaysia,26435.17157
2020,Maldives,13049.04666
2020,Mali,2216.773262
2020,Malta,39222.14335
2020,Marshall Islands,
2020,Mauritania,4983.220633
2020,Mauritius,19469.52459
2020,Mexico,17887.75074
2020,"Micronesia, Fed. Sts.",
2020,Moldova,12324.73628
2020,Monaco,
2020,Mongolia,11470.67383
2020,Montenegro,18278.73079
2020,Morocco,6916.346412
2020,Mozambique,1229.080019
2020,Myanmar,4544.021569
2020,Namibia,8893.813157
2020,Nauru,
2020,Nepal,3800.065703
2020,Netherlands,54325.50883
2020,New Caledonia,
2020,New Zealand,42404.3669
2020,Nicaragua,5280.140581
2020,Niger,1196.87756
2020,Nigeria,4916.721381
2020,North Macedonia,15848.41929
2020,Northern Mariana Islands,
2020,Norway,63583.73598
2020,Oman,
2020,Pakistan,4622.770769
2020,Palau,
2020,Panama,25381.84845
2020,Papua New Guinea,4101.218882
2020,Paraguay,12335.47236
2020,Peru,11260.84575
2020,Philippines,7953.581644
2020,Poland,32238.15726
2020,Portugal,32177.96507
2020,Puerto Rico,33442.83157
2020,Qatar,85266.21059
2020,Romania,28832.62315
2020,Russian Federation,26456.38794
2020,Rwanda,2098.710362
2020,Samoa,6295.731841
2020,San Marino,
2020,Sao Tome and Principe,4051.604844
2020,Saudi Arabia,44328.18391
2020,Senegal,3300.085493
2020,Serbia,18210.00462
2020,Seychelles,24361.89394
2020,Sierra Leone,1648.05336
2020,Singapore,93397.0488
2020,Sint Maarten (Dutch part),
2020,Slovak Republic,30330.04289
2020,Slovenia,37091.00088
2020,Solomon Islands,2482.87192
2020,Somalia,829.6114289
2020,South Africa,11466.18967
2020,South Sudan,
2020,Spain,36219.93844
2020,Sri Lanka,12536.94176
2020,St. Kitts and Nevis,23259.36231
2020,St. Lucia,12270.01329
2020,St. Martin (French part),
2020,St. Vincent and the Grenadines,12105.38136
2020,Sudan,4022.865967
2020,Suriname,16130.17081
2020,Sweden,51003.28077
2020,Switzerland,68752.77021
2020,Syrian Arab Republic,
2020,Tajikistan,3657.573507
2020,Tanzania,2635.335891
2020,Thailand,17286.86661
2020,Timor-Leste,3181.137188
2020,Togo,2107.877261
2020,Tonga,
2020,Trinidad and Tobago,23728.15865
2020,Tunisia,9727.504259
2020,Turkey,28384.98778
2020,Turkmenistan,
2020,Turks and Caicos Islands,21122.00571
2020,Tuvalu,4411.003116
2020,Uganda,2177.595854
2020,Ukraine,12377.01729
2020,United Arab Emirates,
2020,United Kingdom,41627.12927
2020,United States,60235.72796
2020,Uruguay,21608.43027
2020,Uzbekistan,6994.169412
2020,Vanuatu,2762.791388
2020,"Venezuela, RB",
2020,Vietnam,8200.331867
2020,Virgin Islands (U.S.),
2020,West Bank and Gaza,5394.071688
2020,"Yemen, Rep.",
2020,Zambia,3270.035112
2020,Zimbabwe,2744.690758
,,
,,
,,
Data from database: World Development Indicators,,
Last Updated: 11/23/2021,,
